player,elo_hard,elo_clay,elo_grass,elo,matches_played,last_updated
N. K.,1695.19390903939,1597.3610815900922,1643.771601861012,1655.5595993689253,722,2025-07-31T16:14:53.760911
A. C.,1537.3397100780326,1384.6162758751923,1539.5459164656493,1491.963921094704,1372,2025-07-31T16:14:53.760921
F. J.,1470.797395956565,1500.0,1465.2716131949785,1478.4530206172783,5,2025-07-31T16:14:53.760923
D. S.,1709.4300089439903,1478.7531063139731,1484.6228579297367,1595.2655079521346,1612,2025-07-31T16:14:53.760925
N. E.,1675.4939592338253,1493.3506038550845,1541.7216609140396,1594.0964929562458,139,2025-07-31T16:14:53.760927
Aynaoui Y. E.,1523.659289946743,1546.4566063591049,1566.0623613913272,1538.9790991593684,217,2025-07-31T16:14:53.760928
Pasquale A. d.,1443.8901082078246,1483.813663702422,1405.3732956366205,1448.163812341963,49,2025-07-31T16:14:53.760930
M. Z.,1413.7574150127002,1434.1442893961805,1536.869331821147,1444.4958606894336,597,2025-07-31T16:14:53.760931
S. K.,1693.9881930074096,1622.0162001192507,1510.5230479271968,1635.7035661249195,570,2025-07-31T16:14:53.760933
J. B.,1651.6476846388027,1531.8891808650865,1525.615943215761,1590.5137852220794,1740,2025-07-31T16:14:53.760934
G. I.,1466.2618341874056,1372.4125784032083,1645.7931492981002,1474.0133204742854,77,2025-07-31T16:14:53.760936
H. A.,1514.2275701247572,1440.1817187245765,1413.4745533071098,1471.8632113411736,205,2025-07-31T16:14:53.760937
A. P.,1606.9705660309955,1526.2650071236444,1436.7561484341393,1548.7160148394191,932,2025-07-31T16:14:53.760938
M. T.,1423.884819095911,1440.0494346098137,1374.9829397163462,1418.953827874169,141,2025-07-31T16:14:53.760940
A. S.,1463.0912084242282,1475.054158651549,1447.5904248359145,1463.5799367747616,1190,2025-07-31T16:14:53.760941
K. P.,1408.1429732978431,1363.8233644276522,1391.1490244871397,1391.4483008746452,122,2025-07-31T16:14:53.760943
T. R.,1539.837515557473,1511.1060140946342,1610.5627103673303,1545.3631040805928,905,2025-07-31T16:14:53.760960
C. P.,1446.6838495039633,1523.209014333748,1467.3539583381084,1473.7754207197277,65,2025-07-31T16:14:53.760962
P. W.,1458.73590766763,1589.5299070415372,1441.6048835852378,1494.5479026633238,54,2025-07-31T16:14:53.760963
C. S.,1478.3602633191695,1417.6157157072341,1462.793845454944,1457.0236154627437,174,2025-07-31T16:14:53.760964
A. V.,1451.9100562998844,1395.772690913061,1454.4071444523079,1435.568264314322,379,2025-07-31T16:14:53.760966
M. Y.,1546.6986151443489,1459.2769278432677,1466.4576823527107,1504.423922395697,1012,2025-07-31T16:14:53.760967
J. G.,1417.5435589123317,1342.7446765000932,1370.903704547196,1385.775923315633,229,2025-07-31T16:14:53.760968
E. K.,1502.4310131864272,1387.844984788071,1454.9411827242263,1458.5572385744802,191,2025-07-31T16:14:53.760969
B. B.,1529.0997583155852,1470.792741766854,1387.3037848535334,1483.2484586585556,616,2025-07-31T16:14:53.760971
Y. K.,1596.6967921523847,1557.664973548554,1553.8994788151003,1576.4277839037784,202,2025-07-31T16:14:53.760972
F. C.,1608.9988654214849,1649.614690558566,1522.1761812067587,1603.819076119664,719,2025-07-31T16:14:53.760973
T. D.,1391.8731304297146,1462.7864813461433,1394.2398474779002,1413.6204791142804,503,2025-07-31T16:14:53.760975
G. P.,1468.5132509408008,1492.1262232723075,1481.362835813251,1478.1670596147428,311,2025-07-31T16:14:53.760976
F. S.,1429.3062008614413,1369.0743965809033,1432.6034849932764,1411.8961164036468,982,2025-07-31T16:14:53.760977
B. U.,1482.8548200488726,1436.2083753490228,1386.7157536106595,1449.633073351275,160,2025-07-31T16:14:53.760978
M. R.,1681.7118907474278,1646.236802352413,1671.7405818345267,1669.075102446343,1007,2025-07-31T16:14:53.760980
V. V.,1462.5969230482776,1390.6539053087736,1428.457600778363,1434.1861532724436,94,2025-07-31T16:14:53.760981
F. V.,1414.1244373633194,1498.6064391109917,1546.6393704355999,1465.9720245020771,1565,2025-07-31T16:14:53.760983
M. M.,1505.131584830576,1352.503820211702,1473.3565679879798,1452.9882520763947,989,2025-07-31T16:14:53.760984
S. S.,1453.3213389293703,1469.6698423688244,1425.2789316529252,1452.6174085059176,788,2025-07-31T16:14:53.760986
G. G.,1455.2051536257572,1571.010571846248,1413.345432750047,1481.5748349167625,1043,2025-07-31T16:14:53.760987
R. S.,1566.470999800545,1487.2232443622363,1509.371236611501,1531.2767205312434,2037,2025-07-31T16:14:53.760989
N. C.,1469.361172154769,1552.2044334361585,1455.6413471379594,1491.470185535824,33,2025-07-31T16:14:53.760990
K. A.,1509.441578503287,1614.8193583716172,1735.966890143026,1586.3599747917337,624,2025-07-31T16:14:53.760991
S.K. A.,1479.2042340522148,1500.0,1500.0,1489.6021170261074,1,2025-07-31T16:14:53.760993
N. Z.,1434.5885896795114,1515.2517473403411,1476.0,1467.0698190418582,16,2025-07-31T16:14:53.760994
D. P.,1357.632671867615,1340.7558616542797,1486.9487565915433,1378.4328457484003,69,2025-07-31T16:14:53.760995
R. A.,1471.8154114353163,1460.0970006643245,1419.9984115663758,1457.9364882302307,232,2025-07-31T16:14:53.760996
L. R.,1477.4415247615411,1495.7247893543401,1459.251351849252,1479.288469556923,288,2025-07-31T16:14:53.760998
I. L.,1588.278861789637,1637.7488413176463,1516.538604854479,1588.7718042610081,730,2025-07-31T16:14:53.760999
T. J.,1584.4196240094157,1459.2050879276467,1525.6292075603808,1535.097179895078,329,2025-07-31T16:14:53.761000
C. V.,1408.7383548157475,1422.554282175024,1460.277704907252,1423.1910030418312,18,2025-07-31T16:14:53.761002
L. H.,1531.8007946490686,1430.7262714455392,1563.6588530556296,1507.850049369322,1051,2025-07-31T16:14:53.761003
B. P.,1387.9534847825917,1429.4711065069223,1501.70564118341,1423.1592025800546,811,2025-07-31T16:14:53.761004
T. H.,1500.029808002732,1608.7156034326645,1589.9163407980718,1550.6128531907798,994,2025-07-31T16:14:53.761006
J. T.,1717.7799797383811,1449.471766843361,1595.451158606435,1612.8217516434859,811,2025-07-31T16:14:53.761007
X. M.,1496.3611193231054,1550.7475424054448,1589.5260196776865,1531.3100263187234,502,2025-07-31T16:14:53.761008
M. K.,1573.4398998774425,1477.128049312649,1484.3901286308385,1526.7363904586837,1169,2025-07-31T16:14:53.761010
J. S.,1920.8851013900814,1787.8754956724079,1751.2638982432595,1847.057979045415,1390,2025-07-31T16:14:53.761011
S. G.,1423.53019055308,1464.2298872930069,1473.5570989928788,1445.7454812630176,986,2025-07-31T16:14:53.761013
C. R.,1655.0262625583894,1825.8157358994358,1580.0402204862785,1691.2658961462812,686,2025-07-31T16:14:53.761014
A. I.,1370.0566225189414,1419.3131389635953,1438.0696423936645,1398.4361814272822,57,2025-07-31T16:14:53.761015
T. W.,1518.7645362366484,1526.7449116768748,1505.3727971479066,1518.480301050968,20,2025-07-31T16:14:53.761017
N. M.,1484.990090864382,1533.6446752709005,1545.0361684468755,1511.5956817028364,817,2025-07-31T16:14:53.761018
A. M.,1545.0844200805823,1468.2543523434242,1507.8743234212952,1514.5933804275774,2927,2025-07-31T16:14:53.761019
C. W.,1499.5565029410573,1435.3401510640297,1429.4419715505787,1466.2686910998532,43,2025-07-31T16:14:53.761021
F. M.,1589.3275316961733,1578.1702531881185,1469.3852865611368,1561.9918991167497,918,2025-07-31T16:14:53.761022
W. A.,1550.4641064338066,1454.7388727144983,1444.2178059683183,1500.4972762249165,210,2025-07-31T16:14:53.761023
G. R.,1548.5249547095316,1430.3843451270398,1612.9708378271732,1525.9719484583122,282,2025-07-31T16:14:53.761025
L. S.,1588.1677262320025,1470.9047187030706,1517.3868616633,1538.8326510595823,336,2025-07-31T16:14:53.761026
P. G.,1439.0680323177298,1428.3892429287075,1511.1611667842228,1450.2830223943217,323,2025-07-31T16:14:53.761027
F. G.,1397.3821503700476,1540.1208515502797,1503.9600339249328,1461.5193374350943,644,2025-07-31T16:14:53.761029
M. B.,1623.7611753374676,1665.158711073446,1611.5499414838218,1633.7381892875321,1341,2025-07-31T16:14:53.761030
E. A.,1424.981891384895,1471.2099498714324,1486.6243345804223,1451.1787975699617,8,2025-07-31T16:14:53.761031
M. H.,1374.4592950524518,1400.1291566845725,1387.5792203215294,1384.7842385959034,103,2025-07-31T16:14:53.761033
L. P.,1537.1691660797194,1492.8994108013326,1536.951774880293,1523.8447612563182,277,2025-07-31T16:14:53.761034
W. B.,1461.3309305270343,1485.7362559018616,1476.277907266468,1471.6419234873692,24,2025-07-31T16:14:53.761035
G. B.,1397.004314557911,1457.6475097276143,1464.3900317637479,1428.6744165499895,333,2025-07-31T16:14:53.761037
J. V.,1515.6441468101566,1454.3588875181347,1521.581109867884,1498.4459616340955,553,2025-07-31T16:14:53.761038
M. N.,1505.0323442233157,1542.6929089953874,1477.217739505115,1510.767592711297,179,2025-07-31T16:14:53.761039
N. D.,1934.1290557291245,1854.9031587445675,1946.2179976537282,1912.7790750186782,2173,2025-07-31T16:14:53.761041
T. Z.,1367.7062099246543,1390.565841288461,1496.4775540493613,1400.3183681587377,108,2025-07-31T16:14:53.761042
A. J.,1442.2147847798974,1500.0,1500.0,1471.1073923899487,11,2025-07-31T16:14:53.761044
A. G.,1346.1584193612423,1322.345384318741,1442.7956946205645,1358.3419639003562,375,2025-07-31T16:14:53.761045
R. F.,1949.2162941671565,1832.9503398684208,1891.84455683208,1902.8621604105206,1416,2025-07-31T16:14:53.761046
W. F.,1514.5298891421555,1559.5042794645442,1531.5267875843494,1531.4215859273108,149,2025-07-31T16:14:53.761048
T. M.,1677.5781471994428,1533.8027016559947,1423.3445019629198,1583.5987844891038,423,2025-07-31T16:14:53.761049
M. C.,1552.2454322819115,1484.758963575021,1455.2073561930372,1512.5918764520695,1527,2025-07-31T16:14:53.761050
S. D.,1495.5117401930352,1363.561132669468,1484.241704844455,1453.672550866249,415,2025-07-31T16:14:53.761052
C. M.,1506.1252015843404,1516.4886929668103,1586.1498605210336,1525.23918078642,776,2025-07-31T16:14:53.761053
D. H.,1461.9348641415702,1421.297651721835,1457.264104636837,1448.809548514703,435,2025-07-31T16:14:53.761054
J.I. C.,1515.0718314562005,1525.185481737704,1494.257132752549,1513.9429867999213,537,2025-07-31T16:14:53.761056
J.M. G.,1458.4061780359075,1357.9761189810251,1510.3152243067864,1438.6589695736184,215,2025-07-31T16:14:53.761057
H. L.,1402.6158456795083,1460.99721886426,1416.7143073781351,1422.9499499746594,193,2025-07-31T16:14:53.761058
G. W.,1430.795050993465,1500.0,1494.9779019314713,1464.393105883027,29,2025-07-31T16:14:53.761060
O. R.,1531.3616372326105,1386.3593876770046,1534.513276123048,1488.4912901440161,463,2025-07-31T16:14:53.761061
D. N.,1374.2537619614693,1617.5215468623308,1443.8719725740057,1461.157739554235,681,2025-07-31T16:14:53.761062
P. R.,1368.3413086460853,1453.8825961949776,1483.7509653017596,1417.0856262418877,149,2025-07-31T16:14:53.761064
G. K.,1463.076121582155,1565.374462985563,1567.957747702505,1514.7419492272475,231,2025-07-31T16:14:53.761065
P. S.,1412.6268835580524,1407.031712653873,1481.3414439210858,1424.6912443594053,834,2025-07-31T16:14:53.761066
G. C.,1416.0495174937528,1512.5585046160784,1562.1561419334503,1474.22353851839,759,2025-07-31T16:14:53.761068
M. S.,1410.3853801197895,1508.266938635638,1581.942058539342,1474.0611833584546,475,2025-07-31T16:14:53.761069
I. H.,1402.7625521452612,1476.8274291484722,1403.0381257488282,1425.037129966938,79,2025-07-31T16:14:53.761070
J.C. F.,1604.6369346197782,1619.955410245444,1647.6546968810726,1617.836029759737,629,2025-07-31T16:14:53.761072
N. L.,1362.4803077576942,1461.385757549873,1580.088828098612,1435.6736467635315,313,2025-07-31T16:14:53.761073
L. B.,1392.3585852737194,1356.5607891162094,1458.4660974781377,1394.8407488673502,235,2025-07-31T16:14:53.761074
A. A.,1592.964895543176,1523.6843789226596,1666.9729086521938,1586.9823431788247,333,2025-07-31T16:14:53.761075
J. K.,1424.8450293369103,1515.860650039011,1494.2323455163369,1466.0271787834258,198,2025-07-31T16:14:53.761087
T. B.,1545.1582667223154,1513.2963159855262,1608.8455086904748,1548.3371298949107,1403,2025-07-31T16:14:53.761089
J. L.,1720.934137008728,1635.1474618211741,1544.733712362566,1659.9580495232294,279,2025-07-31T16:14:53.761090
J. D.,1771.0785719286803,1648.1394640679996,1515.3305494015224,1683.0472350650446,518,2025-07-31T16:14:53.761091
O. F.,1377.8736321383558,1474.3447706531122,1461.4429852323856,1423.5288443115887,14,2025-07-31T16:14:53.761093
T. S.,1417.8101062763835,1344.5962394382598,1503.0947010072352,1412.9028651711167,335,2025-07-31T16:14:53.761094
D. E.,1516.3653861566988,1414.3312040319702,1526.3820482742244,1487.7584639427853,322,2025-07-31T16:14:53.761095
Y. S.,1434.7133020255596,1510.3309107529792,1477.429458101427,1465.941815858959,163,2025-07-31T16:14:53.761096
H.T. L.,1508.6497948174717,1469.9157914314421,1506.3724059581245,1496.5741160297935,256,2025-07-31T16:14:53.761098
K. K.,1704.7339863814798,1679.8214432393384,1606.3270072511373,1677.578827612769,796,2025-07-31T16:14:53.761099
M. O.,1408.6096148344025,1514.7623941659044,1500.0,1458.7335256669726,6,2025-07-31T16:14:53.761100
S. B.,1588.4177518899264,1521.796102498838,1492.075234270819,1549.1627535487785,543,2025-07-31T16:14:53.761101
T. P.,1725.5444152844739,1738.243514325139,1588.3197872807689,1701.9092193959325,334,2025-07-31T16:14:53.761103
A. O.,1528.239541961503,1457.8978100981421,1482.6097938686987,1498.0110727839337,17,2025-07-31T16:14:53.761104
S. H.,1388.3225428830133,1500.0,1545.8762013378268,1453.336511709072,11,2025-07-31T16:14:53.761105
J.A. M.,1405.1509319770266,1415.3383704787273,1515.3691778001573,1430.250812692163,52,2025-07-31T16:14:53.761107
O. S.,1437.5542723916637,1500.0,1530.7714014655198,1474.9314164889358,8,2025-07-31T16:14:53.761108
R. D.,1445.3589596791549,1466.727718550393,1391.5172128436252,1441.0012379734205,82,2025-07-31T16:14:53.761109
D. M.,1766.5402156785199,1709.5738151640223,1665.953611973452,1729.3329747831572,585,2025-07-31T16:14:53.761111
G. E.,1408.1700709925396,1423.5942907967383,1515.732939717284,1434.309910678748,126,2025-07-31T16:14:53.761112
J.A. V.,1560.1531145995264,1476.0,1500.0,1522.8765572997631,7,2025-07-31T16:14:53.761113
F. L.,1411.2309080813814,1492.9141229317136,1509.114910642393,1455.3126730486833,1011,2025-07-31T16:14:53.761115
P. A.,1460.216270340914,1502.205940110878,1566.354991342841,1494.0409154722886,440,2025-07-31T16:14:53.761116
M. G.,1633.4755882592215,1505.285676164552,1556.38145737273,1579.5997884535223,1056,2025-07-31T16:14:53.761117
J. N.,1475.520746542322,1486.0958731027347,1476.9394758792491,1478.9770303778314,1016,2025-07-31T16:14:53.761119
J. J.,1497.3381964001978,1474.8311483026505,1527.3095118926008,1496.580345069414,320,2025-07-31T16:14:53.761120
A. D.,1434.7120040702605,1407.6741671004193,1349.1192424126834,1409.4821006477928,262,2025-07-31T16:14:53.761121
H. K.,1433.295397075708,1495.9556914905854,1500.0,1465.4344059850296,9,2025-07-31T16:14:53.761123
N. B.,1513.9741669407947,1545.9362568268934,1483.0790129931383,1517.383763117093,463,2025-07-31T16:14:53.761124
N. G.,1391.9693959722,1486.6202622111366,1533.7673599854506,1448.7242486465311,89,2025-07-31T16:14:53.761125
D. T.,1573.8392367735946,1576.884573758222,1492.014921173124,1558.3879747488888,983,2025-07-31T16:14:53.761127
M. P.,1472.76497408207,1424.6310303046093,1360.7868213865272,1435.9291604097234,462,2025-07-31T16:14:53.761128
S. L.,1577.8180688824493,1483.0031821201246,1408.0915837667792,1515.428305830618,23,2025-07-31T16:14:53.761129
A. R.,1557.66602106524,1612.4617951647472,1559.224695433746,1574.4164881687934,2101,2025-07-31T16:14:53.761131
H. G.,1458.329714620966,1439.5194059750766,1522.3253664849278,1465.4857523999915,148,2025-07-31T16:14:53.761132
J. A.,1528.8424583395258,1506.2179362929096,1441.4213413609798,1504.5708783298317,374,2025-07-31T16:14:53.761133
M. F.,1470.3455425350244,1616.7007855122683,1575.8214553493897,1535.3472979910705,826,2025-07-31T16:14:53.761135
V. S.,1365.6935035448,1445.6084398985038,1442.7927159144497,1405.087826924841,355,2025-07-31T16:14:53.761136
A. H.,1410.9340994780891,1426.8840959767308,1485.9359970609137,1430.7194779442466,158,2025-07-31T16:14:53.761137
O. B.,1411.0139688509314,1500.0,1475.09746355919,1450.5264771373038,8,2025-07-31T16:14:53.761138
J. E.,1492.428016996613,1468.9380294418881,1489.9991502254675,1484.8952473759664,22,2025-07-31T16:14:53.761140
D. V.,1449.310616082686,1434.2267301429197,1543.0228944026508,1463.5279059647492,39,2025-07-31T16:14:53.761141
T. E.,1525.1026149610495,1589.4921143570566,1374.8509910363616,1514.369139994914,341,2025-07-31T16:14:53.761143
M.K. G.,1468.8095246992978,1486.442974572677,1486.769434183382,1477.6915415581284,12,2025-07-31T16:14:53.761144
R. G.,1502.1292853266834,1489.8542048270115,1465.3836223820938,1491.097628587864,1384,2025-07-31T16:14:53.761145
E. C.,1484.4510030892006,1457.5498765469627,1437.9969058901959,1467.0898456867283,15,2025-07-31T16:14:53.761147
P. K.,1459.7335282666475,1559.0041369894525,1510.8525273588255,1499.7385107019247,920,2025-07-31T16:14:53.761148
Aarej M. E.,1500.0,1426.3369454809122,1500.0,1477.9010836442735,6,2025-07-31T16:14:53.761149
C. B.,1448.180146822309,1467.0092323569625,1463.0357967323228,1456.8000024647079,338,2025-07-31T16:14:53.761150
O. M.,1396.308899764649,1443.385386772652,1484.7714849446998,1428.12436290306,107,2025-07-31T16:14:53.761152
O. G.,1454.2721203793146,1466.9111749124909,1472.7539341505792,1461.7601994935205,13,2025-07-31T16:14:53.761153
N. T.,1488.2683282617725,1474.9530495426213,1500.2990374680571,1486.6798864872842,34,2025-07-31T16:14:53.761155
A. B.,1501.9352491407628,1568.9845079578831,1681.7793398258434,1558.018844922915,1012,2025-07-31T16:14:53.761156
M. L.,1554.150347316682,1404.515195826349,1413.0540557859424,1481.040543563434,574,2025-07-31T16:14:53.761157
W. E.,1363.1614009226403,1405.439421318942,1527.4949457143616,1408.7115159998752,49,2025-07-31T16:14:53.761159
R. W.,1494.7933081396468,1496.7110449401057,1428.6630734559953,1482.1425822430542,32,2025-07-31T16:14:53.761160
I. T.,1500.0,1495.347247108309,1500.0,1498.6041741324927,2,2025-07-31T16:14:53.761161
J.F. A.,1487.3842690303347,1483.3284429407013,1492.214036216577,1487.133474640693,8,2025-07-31T16:14:53.761163
M. D.,1282.36274570643,1490.0298420456022,1391.6079091692432,1366.511907300744,126,2025-07-31T16:14:53.761164
P.H. M.,1428.9307545725305,1407.4451900706654,1537.6160370909904,1444.222141725663,556,2025-07-31T16:14:53.761165
Lottum J. v.,1437.7369226582261,1462.9066323821392,1452.0756903139004,1448.155589106535,52,2025-07-31T16:14:53.761167
C. K.,1500.0,1460.0822848020553,1500.0,1488.0246854406166,2,2025-07-31T16:14:53.761168
T. K.,1601.7043235144683,1461.9087468791533,1525.080025493486,1544.4407909196773,335,2025-07-31T16:14:53.761169
C. C.,1438.9307639230235,1492.5925200871795,1456.2246572058768,1458.488069428841,19,2025-07-31T16:14:53.761171
L. C.,1487.0624903809066,1396.2025355094368,1434.80939817847,1449.3538854789783,14,2025-07-31T16:14:53.761172
N. O.,1376.4985423085104,1464.1376918526944,1511.0102417605353,1429.6926270621707,61,2025-07-31T16:14:53.761173
K. C.,1446.6124780667333,1340.963744396437,1495.5743181722853,1424.710225986755,210,2025-07-31T16:14:53.761175
Scheppingen D. v.,1454.621370566184,1407.7019416442793,1519.0846725892975,1453.4382022942355,44,2025-07-31T16:14:53.761176
Y. A.,1460.480006104994,1501.3794355693717,1460.6516221834515,1472.7841581599987,13,2025-07-31T16:14:53.761177
B. C.,1538.3460106001862,1553.5633185895867,1450.645133420179,1525.371027561005,389,2025-07-31T16:14:53.761178
Y. Y.,1467.0832477812016,1500.0,1481.0592830334224,1479.7534804972854,4,2025-07-31T16:14:53.761180
L. M.,1647.6748117338816,1828.769090517453,1610.4042058024988,1694.5489741826764,623,2025-07-31T16:14:53.761181
K. F.,1487.0885257224836,1500.0,1479.1706622637223,1489.3783953139864,2,2025-07-31T16:14:53.761182
I. V.,1500.0,1500.0,1474.2324718189082,1494.8464943637816,1,2025-07-31T16:14:53.761183
I. B.,1445.2750484674996,1497.4630779719332,1469.6089680291052,1465.7982412311508,34,2025-07-31T16:14:53.761185
I. M.,1475.5755032969614,1387.8243802005354,1336.9933735019806,1421.5337404090376,254,2025-07-31T16:14:53.761186
F. B.,1471.049453672323,1446.0273321636507,1425.4598760733911,1454.424901699935,152,2025-07-31T16:14:53.761187
M. V.,1327.6327609660023,1341.3328676563124,1439.8958232310044,1354.1954054260957,278,2025-07-31T16:14:53.761188
J. H.,1325.6722124248518,1443.1572821496327,1479.1832429583976,1391.6199394489952,320,2025-07-31T16:14:53.761190
G. T.,1480.2316192863739,1512.5971713242295,1474.7571275975856,1488.8463865599729,9,2025-07-31T16:14:53.761191
V. K.,1457.111417251,1537.7567472478172,1474.1660298885683,1484.715938777559,41,2025-07-31T16:14:53.761192
A. K.,1512.2686797644662,1394.2794837474987,1444.8297978125477,1463.3841445689923,369,2025-07-31T16:14:53.761193
M. J.,1414.8467376287679,1442.6524488608925,1436.7345783198466,1427.566019136621,229,2025-07-31T16:14:53.761195
F. N.,1403.5923982911663,1427.7879057443283,1465.2319817714583,1423.1789672231735,29,2025-07-31T16:14:53.761196
J. M.,1732.0647061981977,1583.4485462991056,1498.0619684599587,1640.6793106808223,1923,2025-07-31T16:14:53.761197
P. H.,1461.0342692301003,1529.4467860983016,1463.9247428112521,1482.1361190067912,13,2025-07-31T16:14:53.761199
Z. F.,1466.9800592740605,1500.0,1490.5679919081713,1481.6036280186645,24,2025-07-31T16:14:53.761200
L. F.,1503.405327976602,1500.0,1500.0,1501.702663988301,5,2025-07-31T16:14:53.761201
Chaunac S. d.,1470.6021423397815,1484.5133287242768,1458.1760025659225,1472.2902703003583,23,2025-07-31T16:14:53.761203
E. T.,1452.0419355413014,1476.0,1495.4983764645465,1467.92064306356,21,2025-07-31T16:14:53.761204
Jr.A. B.,1453.5973000788417,1500.0,1522.1023119812908,1481.219112435679,4,2025-07-31T16:14:53.761205
R. M.,1405.7241352769881,1384.6217416864035,1374.540839595165,1393.1567580634483,212,2025-07-31T16:14:53.761207
O. O.,1489.7238483530948,1561.0652818043518,1506.7043806540228,1514.5223848486576,89,2025-07-31T16:14:53.761208
I. K.,1457.187575933858,1499.6397555814162,1537.800915805096,1486.045897802373,935,2025-07-31T16:14:53.761209
Hidalgo R. R.,1465.3088460552997,1475.3849435209258,1535.5816275407892,1482.3862315920856,16,2025-07-31T16:14:53.761211
S. P.,1440.5270061236374,1470.0752931362156,1448.4329517563374,1450.972681353951,11,2025-07-31T16:14:53.761212
J. O.,1522.8822755561498,1511.0890938097752,1415.2411855352013,1497.8161030280476,28,2025-07-31T16:14:53.761213
M. W.,1489.5796347305868,1500.0,1502.9380867695472,1495.377434719203,6,2025-07-31T16:14:53.761215
T. A.,1360.4576726228843,1417.8431837209887,1395.4682738323147,1384.6754461942016,123,2025-07-31T16:14:53.761216
T. T.,1459.0600270151012,1481.425187956947,1500.0,1473.9575698946346,14,2025-07-31T16:14:53.761217
P. L.,1414.2817831822265,1377.2789748421092,1419.427529402626,1404.2100899242712,407,2025-07-31T16:14:53.761219
S. J.,1471.3065636694726,1538.2772260089994,1584.8879547263214,1514.1140405827005,418,2025-07-31T16:14:53.761220
Y. W.,1613.1132820826726,1497.9176328287022,1490.1196333433627,1553.9558575586195,90,2025-07-31T16:14:53.761221
Y. I.,1433.1975211400534,1469.7175210163439,1500.0,1457.51401687493,5,2025-07-31T16:14:53.761223
R. K.,1424.7735869911228,1343.8205870149168,1405.1070458082652,1396.5543787616896,209,2025-07-31T16:14:53.761224
R. C.,1492.3062041910812,1421.9926123194323,1444.1854801897068,1461.5879818293117,16,2025-07-31T16:14:53.761225
G. M.,1721.819104983466,1433.7713527565847,1513.6819231125896,1593.7773429412264,1502,2025-07-31T16:14:53.761226
S. I.,1436.3886517481562,1500.0,1512.1848434792646,1470.631294569931,14,2025-07-31T16:14:53.761228
D. U.,1352.8396222078406,1430.1722641842334,1428.292611540885,1391.1300126673673,69,2025-07-31T16:14:53.761229
R. Z.,1478.282633039781,1500.0,1477.0755367601678,1484.5564238719242,2,2025-07-31T16:14:53.761230
M. E.,1548.4564038477415,1431.3190418351762,1398.676225425601,1483.3591595595437,220,2025-07-31T16:14:53.761232
Khulaifi N.G. A.,1474.8439453334045,1500.0,1500.0,1487.4219726667022,1,2025-07-31T16:14:53.761233
D. W.,1420.7147333535497,1500.0,1500.0,1460.3573666767747,25,2025-07-31T16:14:53.761235
J.F B.,1528.9190621218995,1500.0,1470.4380296093993,1508.5471369828297,6,2025-07-31T16:14:53.761236
T. L.,1505.495470358231,1491.3866217777993,1466.1884136227688,1493.4014044370092,16,2025-07-31T16:14:53.761237
O. P.,1381.3921840557362,1493.1238065317375,1445.9070367683937,1427.8146413410682,79,2025-07-31T16:14:53.761238
J. C.,1570.0480432960733,1435.4674352503623,1404.932763480709,1496.650804919287,633,2025-07-31T16:14:53.761240
G. H.,1453.0388300876145,1488.8908975544527,1522.8075099981406,1477.7481863097714,14,2025-07-31T16:14:53.761241
D. G.,1615.0488446120357,1534.854683587814,1508.63375367844,1569.7075781180502,958,2025-07-31T16:14:53.761242
E. M.,1485.9937141657592,1453.0514346525588,1439.715716461435,1466.8554307709342,29,2025-07-31T16:14:53.761243
L. O.,1453.9846554553985,1506.6254446636885,1500.0,1478.9799611268058,16,2025-07-31T16:14:53.761245
V. M.,1492.8862018868797,1436.722169579241,1451.5803387773303,1467.7758195726783,35,2025-07-31T16:14:53.761246
M. A.,1632.2114804850244,1618.549706477115,1545.284642095488,1610.7275806047444,463,2025-07-31T16:14:53.761247
D. F.,1618.0313800419362,1630.0527935397379,1646.837310201466,1627.3989901231828,1068,2025-07-31T16:14:53.761248
Z. K.,1415.529791525032,1452.886570640804,1441.5504858402592,1431.940964122809,37,2025-07-31T16:14:53.761250
R. N.,1828.4784116579294,1929.050931648023,1846.7746292727836,1862.3094111779283,1274,2025-07-31T16:14:53.761251
E. P.,1377.868599642327,1443.9924116538157,1470.1275655496195,1416.1575364272321,19,2025-07-31T16:14:53.761252
H. D.,1467.0948480240922,1435.536019637318,1371.444201089896,1438.4970701212208,85,2025-07-31T16:14:53.761254
K. I.,1481.7046075860703,1481.2404664892506,1500.0,1485.2244437398103,2,2025-07-31T16:14:53.761255
W. M.,1552.3571094317247,1381.307345671213,1578.254125204383,1506.221583458103,110,2025-07-31T16:14:53.761256
B. V.,1422.514632436828,1425.5786666514662,1447.853069060123,1428.5015300258785,64,2025-07-31T16:14:53.761257
A. W.,1431.6356011290225,1451.881673125476,1375.7838744052453,1426.5390773832032,139,2025-07-31T16:14:53.761259
K. B.,1398.8550589881293,1397.4252474950094,1448.4876526572887,1408.3526342740251,170,2025-07-31T16:14:53.761260
J.P. G.,1432.5223623248446,1479.6465549506145,1501.4462456036,1460.4443967683264,21,2025-07-31T16:14:53.761261
K. E.,1523.9848614424366,1504.3902477986883,1485.3719978778431,1510.3839046363933,245,2025-07-31T16:14:53.761262
G. F.,1449.339751720189,1461.1159225116464,1482.4868757284548,1459.5020277592794,9,2025-07-31T16:14:53.761264
B. E.,1395.1934349379574,1500.0,1528.3643005382357,1453.2695775766258,26,2025-07-31T16:14:53.761265
F. P.,1465.869225741904,1517.9446450043051,1411.679352635282,1470.6538768993,45,2025-07-31T16:14:53.761267
V. H.,1438.1766854978137,1543.8486708520466,1555.8829045502293,1493.4195249145666,412,2025-07-31T16:14:53.761268
B. D.,1478.2273006964588,1465.5940446994591,1494.5801797475808,1477.7078997075832,48,2025-07-31T16:14:53.761269
K. T.,1489.6567901306805,1500.0,1482.9767997129654,1491.4237550079336,2,2025-07-31T16:14:53.761271
H. W.,1500.0,1500.0,1482.8078241008081,1496.5615648201617,1,2025-07-31T16:14:53.761272
F. D.,1427.649286299383,1553.0713725763508,1442.024303826799,1468.1509156879565,488,2025-07-31T16:14:53.761273
R. R.,1307.4810563744675,1396.800075173851,1557.0860350675473,1384.1977577528987,382,2025-07-31T16:14:53.761275
R. L.,1476.713383942968,1500.0,1500.0,1488.356691971484,1,2025-07-31T16:14:53.761276
B. R.,1418.4908215805617,1407.2708219460387,1440.2047363987379,1419.46760465384,142,2025-07-31T16:14:53.761278
D. B.,1482.3363743817672,1406.6046556287597,1527.430690752365,1468.6357220299847,398,2025-07-31T16:14:53.761279
R. B.,1472.0137836635542,1412.205541291534,1462.6610137547102,1452.2007569701793,600,2025-07-31T16:14:53.761280
J.R. L.,1456.676353085831,1405.7715133470326,1481.5040181933355,1446.3704341856921,89,2025-07-31T16:14:53.761282
Lottum J. V.,1505.536628047361,1500.0,1500.0,1502.7683140236804,3,2025-07-31T16:14:53.761283
K. V.,1449.0034694389105,1435.5353566228307,1482.7471618948166,1451.7117740852677,197,2025-07-31T16:14:53.761284
Pasquale A. D.,1468.7511136638416,1500.0,1500.0,1484.3755568319207,5,2025-07-31T16:14:53.761286
S. R.,1382.8974786648048,1381.341722398471,1478.196410969367,1401.490538245817,206,2025-07-31T16:14:53.761287
G. L.,1396.3598422233317,1438.506119672951,1438.9582578071709,1417.5234085749853,38,2025-07-31T16:14:53.761288
Jr. A. B.,1433.9719241679234,1500.0,1547.3500430762488,1476.4559706992113,9,2025-07-31T16:14:53.761290
R. H.,1545.6445199465593,1404.636573238702,1438.0822390178396,1481.8296797484581,821,2025-07-31T16:14:53.761291
J. P.,1495.6627598828475,1472.034465598759,1456.21995346445,1480.6857103139414,9,2025-07-31T16:14:53.761292
J. M. G.,1504.1679520640696,1500.0,1500.0,1502.0839760320348,4,2025-07-31T16:14:53.761294
Valles M. G.,1476.0079131123186,1500.0,1500.0,1488.0039565561592,2,2025-07-31T16:14:53.761295
J.A M.,1517.9650449781125,1500.0,1500.0,1508.9825224890562,2,2025-07-31T16:14:53.761296
D. R.,1500.0,1447.8733398666727,1500.0,1484.3620019600019,6,2025-07-31T16:14:53.761298
T. O.,1500.0,1485.7744396096118,1500.0,1495.7323318828835,1,2025-07-31T16:14:53.761299
O. H.,1293.036598072101,1516.5571922452316,1412.8952740186398,1384.064511513348,190,2025-07-31T16:14:53.761300
B. M.,1405.8849000072707,1499.696212611106,1500.0,1452.8513137869672,9,2025-07-31T16:14:53.761302
S. N.,1382.9293815243989,1502.011225166192,1441.1742180268309,1430.3029019174232,53,2025-07-31T16:14:53.761303
N. S.,1446.018402278851,1488.92553429845,1439.6895340394015,1457.624768236841,15,2025-07-31T16:14:53.761305
P. M.,1491.5085694919499,1449.2789487137297,1513.0591817583643,1483.149805711767,195,2025-07-31T16:14:53.761306
J. W.,1412.063784269087,1359.02715904266,1428.5813743020024,1399.456314707742,97,2025-07-31T16:14:53.761307
Voest R. d.,1533.5552516555474,1512.4542868434091,1507.79794827116,1522.0735015350285,29,2025-07-31T16:14:53.761308
J.C. S.,1489.613103555435,1466.4165836493517,1500.0,1484.7315268725229,5,2025-07-31T16:14:53.761310
P. P.,1419.115471857048,1530.8280979506694,1402.7904910141522,1449.3642635165554,239,2025-07-31T16:14:53.761311
F. H.,1443.586474126255,1493.688151998966,1457.6638692253323,1461.432456507884,12,2025-07-31T16:14:53.761313
P. B.,1420.4909432639145,1500.0,1493.7423657933634,1458.99394479063,14,2025-07-31T16:14:53.761314
S. W.,1489.8586257140853,1497.3011070051646,1540.051855069014,1502.1300159723949,929,2025-07-31T16:14:53.761315
C. G.,1481.562151061945,1667.3501505911074,1415.2820534789603,1524.0425314040967,316,2025-07-31T16:14:53.761317
R. V.,1481.1492339810295,1446.7022496775014,1523.6077468322594,1479.306841260217,56,2025-07-31T16:14:53.761318
I. N.,1373.1120826594445,1513.642319126952,1440.9940452212172,1428.8475461120513,103,2025-07-31T16:14:53.761319
S. T.,1727.589279621381,1762.4842133036545,1528.93735902413,1698.3273756066128,594,2025-07-31T16:14:53.761321
L. Z.,1497.5766229884234,1500.0,1483.6684794062833,1495.5220073754683,6,2025-07-31T16:14:53.761322
D. A.,1480.878901157062,1523.4248038779535,1443.7449787988528,1486.2158875016878,169,2025-07-31T16:14:53.761323
D. K.,1507.5474248452515,1479.7334637256554,1414.7022334297685,1480.634198226276,429,2025-07-31T16:14:53.761324
R. Y.,1487.903432521637,1500.0,1485.1510638574339,1490.9819290323053,2,2025-07-31T16:14:53.761326
F. U.,1490.006732390641,1500.0,1474.5207941777269,1489.9075250308658,2,2025-07-31T16:14:53.761327
A. Y.,1523.6316065222065,1486.209555809596,1500.0,1507.678670003982,5,2025-07-31T16:14:53.761329
I. A.,1521.449754550081,1509.677973427555,1496.9517847729096,1513.0186262578889,436,2025-07-31T16:14:53.761330
M. Q.,1476.6177248312854,1500.0,1500.0,1488.3088624156426,1,2025-07-31T16:14:53.761332
F. F.,1423.8937103166847,1554.6883472150143,1523.241141808315,1483.0015876845098,789,2025-07-31T16:14:53.761333
P. C.,1320.4098352131268,1539.9367170604353,1468.1389502233637,1415.8137227693667,716,2025-07-31T16:14:53.761334
B.Q. Z.,1465.871896745838,1500.0,1500.0,1482.935948372919,4,2025-07-31T16:14:53.761335
Mauro A. d.,1426.004394636817,1468.4389656798169,1443.880547365063,1442.3099964953662,49,2025-07-31T16:14:53.761337
N. A.,1558.8671841892524,1631.4589346985645,1573.1136186724932,1583.4939962386943,657,2025-07-31T16:14:53.761338
F. A.,1679.8256304396273,1597.3092109308202,1557.8084073919035,1630.6672599774404,405,2025-07-31T16:14:53.761339
S.X. Z.,1471.2647037687625,1500.0,1500.0,1485.6323518843813,6,2025-07-31T16:14:53.761341
T. I.,1410.7583298995971,1489.8185576803241,1496.836560535291,1451.692044360954,89,2025-07-31T16:14:53.761342
V. D.,1437.3722356918756,1500.0,1500.0,1468.6861178459378,4,2025-07-31T16:14:53.761343
J. F.,1650.9994421745498,1593.9636686974234,1422.9084011556113,1588.270501927624,87,2025-07-31T16:14:53.761345
H. M.,1582.0471411379583,1473.1630717199766,1483.5404700692304,1529.6805860988184,94,2025-07-31T16:14:53.761346
K. R.,1471.4364577464055,1500.0,1500.0,1485.7182288732029,5,2025-07-31T16:14:53.761348
K. H.,1468.0083627808535,1500.0,1500.0,1484.0041813904268,5,2025-07-31T16:14:53.761349
T. C.,1434.5744087044934,1499.2144240451278,1456.2178446135674,1458.2951004884985,20,2025-07-31T16:14:53.761350
Ghareeb M. A.,1464.8841456180073,1500.0,1488.6913227906985,1480.1803373671432,7,2025-07-31T16:14:53.761352
L. T.,1541.0018880820412,1441.7431349614772,1532.5690371338565,1509.537691956235,53,2025-07-31T16:14:53.761353
W. O.,1439.725974340212,1573.971973357285,1510.2769217644227,1494.1099635301762,99,2025-07-31T16:14:53.761354
U. V.,1489.5873118089582,1487.1548994201028,1487.5642792905019,1488.4529815886103,7,2025-07-31T16:14:53.761356
S. V.,1475.0187029490485,1495.9409653175276,1378.885697478715,1462.0687805655257,109,2025-07-31T16:14:53.761357
A. F.,1709.7085579798102,1656.3108304949167,1603.3599741641463,1672.4195229712093,386,2025-07-31T16:14:53.761358
W. W.,1488.042674839033,1502.9550290674047,1492.578255856581,1493.4234973110542,10,2025-07-31T16:14:53.761360
Y.H. L.,1482.8214860772684,1482.2104129608922,1482.4928544082393,1482.5724378085497,354,2025-07-31T16:14:53.761361
I. F.,1500.0,1534.5682142850699,1500.0,1510.370464285521,3,2025-07-31T16:14:53.761362
A. Q.,1478.6486159134222,1496.982617638166,1534.3954933818097,1495.2981919245228,10,2025-07-31T16:14:53.761364
S. F.,1500.0,1468.8540002262703,1500.0,1490.656200067881,2,2025-07-31T16:14:53.761365
Y.T. W.,1519.5911329578112,1497.8858029941312,1484.8049435654918,1506.1222960902435,40,2025-07-31T16:14:53.761366
E. E.,1419.093205210804,1486.097112584925,1480.0942267617395,1451.3945817332274,69,2025-07-31T16:14:53.761368
T. G.,1732.4469693920992,1599.062090032585,1560.4974028855086,1658.0415922829268,511,2025-07-31T16:14:53.761369
der Meer N. v.,1500.0,1500.0,1483.2872108960948,1496.657442179219,1,2025-07-31T16:14:53.761370
Gemerden M. v.,1495.4624938578836,1486.0463938714277,1518.9803356124642,1497.341232212863,10,2025-07-31T16:14:53.761372
Y. L.,1487.465984126778,1480.4118582136068,1431.9578124063219,1474.2481120087355,11,2025-07-31T16:14:53.761373
L. K.,1470.183427629379,1443.0190256938274,1527.6726968597893,1473.5319608947955,226,2025-07-31T16:14:53.761374
D. Y.,1464.266664328816,1444.5951172273292,1471.5790624740098,1459.8276798274087,317,2025-07-31T16:14:53.761376
V. I.,1465.7882671247057,1500.0,1484.2401715883582,1479.7421678800245,3,2025-07-31T16:14:53.761377
N. H.,1522.0303871916492,1498.9869786385843,1451.1747869690635,1500.9462445812126,21,2025-07-31T16:14:53.761379
J.W. T.,1604.7566259227237,1535.7301670452937,1723.6104685714365,1607.8194567892374,673,2025-07-31T16:14:53.761380
E. R.,1636.6451206681847,1466.1008920700242,1482.7896342614324,1554.7107548073861,402,2025-07-31T16:14:53.761381
G. S.,1554.4844296466383,1495.5088700388826,1490.0469568785456,1523.904267210693,981,2025-07-31T16:14:53.761383
K. G.,1490.9028988842886,1500.0,1500.0,1495.4514494421442,1,2025-07-31T16:14:53.761385
G.D. J.,1467.864567575466,1500.0,1500.0,1483.932283787733,2,2025-07-31T16:14:53.761386
E. N.,1473.379235727413,1492.0381325222136,1470.7457711141856,1478.4502118432076,27,2025-07-31T16:14:53.761387
Z. D.,1486.482987402755,1500.0,1500.0,1493.2414937013775,1,2025-07-31T16:14:53.761389
H. T.,1488.3974442917429,1500.0,1500.0,1494.1987221458714,1,2025-07-31T16:14:53.761390
J.P. B.,1477.4815992482893,1490.1671197843548,1441.6474906367453,1474.1204336868002,23,2025-07-31T16:14:53.761391
L. D.,1523.0969883299654,1616.823031546642,1581.232111198081,1562.8418258685915,468,2025-07-31T16:14:53.761393
L. U.,1500.0,1493.014030028957,1500.0,1497.904209008687,1,2025-07-31T16:14:53.761394
S. O.,1534.064488495092,1618.1764508619767,1464.6129354321145,1545.407766592562,109,2025-07-31T16:14:53.761395
B. W.,1473.3476503591928,1500.0,1465.8751812968524,1479.8488614389669,6,2025-07-31T16:14:53.761397
A. T.,1524.3163637681628,1585.8925438384276,1555.84522657374,1549.0949903503576,115,2025-07-31T16:14:53.761398
V. C.,1421.2007419675483,1440.3248357280713,1475.769024599204,1437.8516266220363,41,2025-07-31T16:14:53.761399
Y. Jr W.,1503.6071579977786,1500.0,1500.0,1501.8035789988894,2,2025-07-31T16:14:53.761400
L. G.,1469.7194201816467,1478.5573842916365,1445.99096403856,1467.6251181860264,28,2025-07-31T16:14:53.761402
G. N.,1463.800454633107,1462.5598137416569,1490.310489672162,1468.730269373483,16,2025-07-31T16:14:53.761403
M.Q. D.,1480.651122311515,1500.0,1500.0,1490.3255611557574,1,2025-07-31T16:14:53.761404
J.P. F.,1505.9987985656476,1500.0,1500.0,1502.9993992828238,8,2025-07-31T16:14:53.761406
de Luna J.A. S.,1488.0675149830092,1500.0,1500.0,1494.0337574915047,1,2025-07-31T16:14:53.761407
R. E.,1484.6694583353117,1479.6081636857984,1516.9264077366925,1489.6024598207339,9,2025-07-31T16:14:53.761408
V. U.,1476.7029231364477,1500.0,1500.0,1488.3514615682238,1,2025-07-31T16:14:53.761410
R. J.,1487.8114457202478,1478.2196672215316,1500.0,1487.3716230265834,7,2025-07-31T16:14:53.761411
D. I.,1478.4370768479596,1428.8694189246028,1463.1030046496603,1460.4999650312927,442,2025-07-31T16:14:53.761413
Potro J.M. D.,1849.2815378891053,1735.0138918738437,1750.7418612977299,1795.2933087662516,581,2025-07-31T16:14:53.761414
S. Q.,1424.7364082512681,1557.3396324089456,1602.27473783515,1500.025041415348,685,2025-07-31T16:14:53.761415
der Dium A. V.,1488.6309736849394,1500.0,1500.0,1494.3154868424697,1,2025-07-31T16:14:53.761417
B. S.,1717.8128147082803,1576.2958203240419,1586.8276317032687,1649.1606797920065,189,2025-07-31T16:14:53.761418
D. L.,1527.8243228790896,1491.649440112672,1460.0637736214635,1503.4197481976391,444,2025-07-31T16:14:53.761419
L. A.,1500.0,1476.2385095990444,1487.2119172553623,1490.313936330786,3,2025-07-31T16:14:53.761421
D. J.,1401.6471782544675,1454.2454729007402,1491.6637188991328,1435.4299747772825,43,2025-07-31T16:14:53.761422
I. S.,1407.3050557793154,1493.0812896654609,1388.8661378828242,1429.3501423658608,135,2025-07-31T16:14:53.761424
Bakker T. D.,1460.0809464997783,1505.7596229473722,1517.170048488779,1485.2023698318567,134,2025-07-31T16:14:53.761425
Varman S. D.,1453.286028143568,1500.0,1486.1781200739547,1473.878638086575,3,2025-07-31T16:14:53.761426
X.Y. Y.,1459.5275500387472,1500.0,1500.0,1479.7637750193735,2,2025-07-31T16:14:53.761428
J.M. A.,1458.16761291705,1500.0,1500.0,1479.083806458525,2,2025-07-31T16:14:53.761429
Y.Jr. W.,1474.3447706531122,1500.0,1500.0,1487.1723853265562,1,2025-07-31T16:14:53.761431
V. T.,1481.2220243987595,1509.4559013134674,1525.4713791741683,1498.5420584282538,527,2025-07-31T16:14:53.761432
E. G.,1455.9434915895044,1450.6408528504414,1508.1191290012346,1464.7878274501315,575,2025-07-31T16:14:53.761433
J. R.,1473.900548773255,1476.9321677513644,1401.35687433476,1460.3012995789888,83,2025-07-31T16:14:53.761435
W. J.,1490.4803754249128,1500.0,1500.0,1495.2401877124564,1,2025-07-31T16:14:53.761436
L. L.,1393.6885611029516,1369.8360425219032,1530.7561406390846,1413.9463214358636,223,2025-07-31T16:14:53.761438
Silva R. D.,1398.5561196223575,1493.2968773457785,1465.378527600171,1440.3428285349466,80,2025-07-31T16:14:53.761439
Galung J. H.,1392.305604270555,1455.8468377162028,1478.2575855651442,1428.5583705631673,30,2025-07-31T16:14:53.761440
E. S.,1448.4265380982324,1521.5152283313469,1461.1583969224207,1472.8995169330044,106,2025-07-31T16:14:53.761441
J. I.,1537.0232570711505,1626.483305342921,1658.583885898129,1588.1733973180774,760,2025-07-31T16:14:53.761443
K. N.,1685.8384373545325,1711.9232128987105,1668.0216340766622,1690.100509362212,649,2025-07-31T16:14:53.761444
D. O.,1500.0,1487.3647642068136,1467.0244082128554,1489.6143109046152,3,2025-07-31T16:14:53.761446
W.S. J.,1457.0010833174067,1479.776161718653,1470.6474812699275,1466.5628864282849,7,2025-07-31T16:14:53.761447
K. W.,1472.8704222215538,1500.0,1500.0,1486.435211110777,3,2025-07-31T16:14:53.761448
H.W. N.,1460.3521044858596,1500.0,1500.0,1480.17605224293,2,2025-07-31T16:14:53.761450
G. J.,1490.0172625032267,1500.0,1468.054901068798,1488.6196114653728,7,2025-07-31T16:14:53.761451
B. K.,1402.7751874492658,1357.607747815838,1342.0890959286448,1377.0877372551133,194,2025-07-31T16:14:53.761452
H. P.,1471.889966419698,1500.0,1500.0,1485.944983209849,2,2025-07-31T16:14:53.761454
de la Nava D. M.,1485.1344469190806,1500.0,1500.0,1492.5672234595404,1,2025-07-31T16:14:53.761455
I. D.,1422.1056397007846,1557.3246594051875,1504.6339250854232,1479.1770026890333,245,2025-07-31T16:14:53.761456
M.A. L.,1500.0,1510.5185622067386,1500.0,1503.1555686620216,3,2025-07-31T16:14:53.761466
De Luna J. S.,1500.0,1468.189536893074,1500.0,1490.456861067922,2,2025-07-31T16:14:53.761468
Potro J. D.,1500.0,1540.5133115232118,1500.0,1512.1539934569635,3,2025-07-31T16:14:53.761469
T. F.,1764.7677515468447,1610.422865596385,1780.9717769862204,1721.7050908495821,572,2025-07-31T16:14:53.761471
Voest R. D.,1458.4428796851334,1466.0192633518316,1462.5901264004679,1461.5452441282098,28,2025-07-31T16:14:53.761472
G. D.,1708.6648842769346,1640.7228837817997,1662.7571530448276,1679.1007378819727,817,2025-07-31T16:14:53.761473
K K.,1500.0,1500.0,1487.0834923845134,1497.4166984769026,1,2025-07-31T16:14:53.761475
C. E.,1478.6264055304819,1463.26652143664,1557.629175671251,1489.818994330483,113,2025-07-31T16:14:53.761476
der Merwe I. V.,1501.3840038003395,1500.0,1484.0026126491157,1497.492524429993,3,2025-07-31T16:14:53.761478
A.U.H. Q.,1477.7536212164455,1500.0,1483.9112842522559,1485.659067458674,5,2025-07-31T16:14:53.761479
P. O.,1486.5061311007375,1500.0,1486.3134833831218,1490.515762226993,4,2025-07-31T16:14:53.761481
V. E.,1500.0,1500.0,1489.2536521376921,1497.8507304275386,1,2025-07-31T16:14:53.761482
U. I.,1488.5343619364687,1500.0,1500.0,1494.2671809682342,1,2025-07-31T16:14:53.761484
Heart R. D.,1509.6894657644873,1500.0,1500.0,1504.8447328822435,3,2025-07-31T16:14:53.761485
J.C. X.,1477.784465915573,1500.0,1500.0,1488.8922329577865,1,2025-07-31T16:14:53.761486
Y. B.,1558.4345758788015,1396.9684200104439,1484.464771400136,1495.200768222561,90,2025-07-31T16:14:53.761487
E. D.,1407.86199593552,1384.8058179266313,1420.892459211956,1403.5512351881405,162,2025-07-31T16:14:53.761489
K. L.,1500.040915478161,1500.0,1500.0,1500.0204577390805,2,2025-07-31T16:14:53.761490
B. T.,1531.4612455640777,1485.5139672931105,1568.3188969216335,1525.0485923542988,354,2025-07-31T16:14:53.761492
Chaunac S. D.,1564.498490861361,1500.0,1488.2351559312074,1529.896276616922,10,2025-07-31T16:14:53.761493
C. Z.,1489.5743201385296,1500.0,1500.0,1494.7871600692647,3,2025-07-31T16:14:53.761494
de La Nava D. M.,1490.2942887738966,1500.0,1500.0,1495.1471443869482,1,2025-07-31T16:14:53.761496
Amrani R. E.,1486.4320644832906,1505.347220926926,1500.0,1494.8201985197231,9,2025-07-31T16:14:53.761497
F. K.,1520.4783516454766,1519.1759665364473,1528.2491777280666,1521.6418013292857,240,2025-07-31T16:14:53.761498
A. Z.,1813.968558669733,1825.2623764124485,1713.4034167913587,1797.243675616873,662,2025-07-31T16:14:53.761499
C. F.,1500.0,1468.0436725483016,1500.0,1490.4131017644904,2,2025-07-31T16:14:53.761501
G. Z.,1476.5292437186315,1473.306103782833,1468.4841145109338,1473.9532758963524,88,2025-07-31T16:14:53.761502
H. Z.,1506.8937013465277,1541.634902752413,1418.0035938932745,1499.5380402776427,218,2025-07-31T16:14:53.761503
La Nava D. M.,1453.9472096316956,1523.16330303479,1467.6343149645093,1477.4494587191866,27,2025-07-31T16:14:53.761505
Bonis F. D.,1530.4031524933177,1490.7662073302213,1554.9626760456365,1523.4239736548525,13,2025-07-31T16:14:53.761506
B. A.,1486.002738672341,1500.0,1500.0,1493.0013693361705,1,2025-07-31T16:14:53.761508
M. I.,1416.8481392545218,1433.6756648785056,1468.6212681354502,1432.2510227179027,74,2025-07-31T16:14:53.761509
P.A. L.,1471.3790341319086,1500.0,1500.0,1485.6895170659543,2,2025-07-31T16:14:53.761510
M.X. G.,1465.7375869869377,1500.0,1500.0,1482.8687934934687,4,2025-07-31T16:14:53.761512
O. D.,1668.974124499321,1573.6376666323654,1547.0782487814993,1615.99401199567,412,2025-07-31T16:14:53.761513
T.H. Y.,1456.262112205602,1500.0,1500.0,1478.131056102801,4,2025-07-31T16:14:53.761514
K. M.,1529.132895280204,1509.7651153630075,1506.9175246656714,1518.8794871821383,66,2025-07-31T16:14:53.761515
I. C.,1526.3339005293774,1467.3352949788955,1435.7681399878154,1490.5211667559204,49,2025-07-31T16:14:53.761517
Corvalan C. S.,1482.8697560086216,1500.0,1500.0,1491.4348780043108,1,2025-07-31T16:14:53.761518
P. J.,1517.6780150137479,1487.5682992660602,1483.0710970846603,1501.7237167036242,11,2025-07-31T16:14:53.761520
F. W.,1493.1192547374903,1500.0,1500.0,1496.5596273687452,3,2025-07-31T16:14:53.761521
Der Merwe I. V.,1517.715024341552,1500.0,1530.5482134151125,1514.9671548537983,10,2025-07-31T16:14:53.761522
K.T. I.,1483.3932467830853,1500.0,1500.0,1491.6966233915427,1,2025-07-31T16:14:53.761524
Y. M.,1498.731230700541,1501.3834727722342,1463.966050227314,1492.5738672274033,37,2025-07-31T16:14:53.761525
C. N.,1590.0565479804773,1653.33527159525,1678.6514183571355,1626.7591391402407,379,2025-07-31T16:14:53.761526
Mauro A. D.,1500.0,1515.6934778472448,1500.0,1504.7080433541735,2,2025-07-31T16:14:53.761527
G. A.,1499.3280145682852,1494.8184452080534,1444.9551630177248,1487.1005734501034,41,2025-07-31T16:14:53.761529
de Veigy J. D.,1476.8944999896603,1489.480645389409,1490.9100680890629,1483.4734572294653,6,2025-07-31T16:14:53.761530
C. L.,1462.6909671169867,1421.1676041167448,1378.4115523147577,1433.3780752564685,72,2025-07-31T16:14:53.761532
P.L. D.,1505.5201670679992,1496.7553758684983,1500.0,1501.786696294549,4,2025-07-31T16:14:53.761533
A. U.,1412.0127816767067,1444.6154728303152,1419.6906465992713,1423.3291620073023,33,2025-07-31T16:14:53.761534
Y.M. S.,1473.3337048305636,1500.0,1500.0,1486.666852415282,1,2025-07-31T16:14:53.761535
Z. Z.,1468.0788190432052,1505.8214516494886,1500.0,1485.7858450164492,15,2025-07-31T16:14:53.761537
F. R.,1460.2926198555817,1500.0,1500.0,1480.1463099277908,2,2025-07-31T16:14:53.761538
Al. K.,1480.086607541161,1476.0,1439.3100868798715,1470.7053211465548,21,2025-07-31T16:14:53.761539
O. A.,1447.3949489061351,1500.0,1500.0,1473.6974744530676,4,2025-07-31T16:14:53.761541
Pujol G. G.,1500.0,1482.0414995085564,1500.0,1494.612449852567,1,2025-07-31T16:14:53.761542
An. K.,1522.0901835042507,1511.2570960325681,1519.5611220927142,1518.3344449804385,163,2025-07-31T16:14:53.761544
D. C.,1500.0,1446.1065871983744,1469.7091711423977,1477.773810387992,5,2025-07-31T16:14:53.761545
C.M. S.,1495.8122050277689,1473.4089289063886,1553.5123754724357,1500.6312562802882,76,2025-07-31T16:14:53.761546
L. W.,1500.0,1481.316832197188,1490.2444902353923,1492.443947706235,4,2025-07-31T16:14:53.761548
Schepper K. D.,1465.7675249065753,1453.7723191162722,1437.6048828878525,1456.5364347657398,88,2025-07-31T16:14:53.761549
G. O.,1471.098434234623,1548.7133249160868,1488.63803292318,1497.8908211767737,10,2025-07-31T16:14:53.761550
V. P.,1565.709725653615,1417.6583546576721,1455.7159831690874,1499.2955658579265,283,2025-07-31T16:14:53.761552
Da Silva R. D.,1505.7959713331588,1500.0,1500.0,1502.8979856665794,2,2025-07-31T16:14:53.761553
P. T.,1475.3080058584171,1500.0,1481.561781556548,1483.9663592405184,3,2025-07-31T16:14:53.761555
N. R.,1478.9145793910009,1480.841326541274,1483.8410692243033,1480.4779015027432,31,2025-07-31T16:14:53.761556
Z. L.,1384.9057346939003,1500.0,1500.0,1442.4528673469501,10,2025-07-31T16:14:53.761557
J. Z.,1440.11821381273,1484.1984624318225,1498.9639019525412,1465.1114260264198,47,2025-07-31T16:14:53.761559
Mutawa J. A.,1464.1587854251184,1500.0,1500.0,1482.0793927125592,2,2025-07-31T16:14:53.761560
Mat. V.,1473.2643904173458,1500.0,1500.0,1486.6321952086728,2,2025-07-31T16:14:53.761561
D. Merwe I. V.,1490.037461924228,1500.0,1500.0,1495.018730962114,1,2025-07-31T16:14:53.761563
J.S. C.,1484.208916100737,1500.0,1485.9402006608393,1489.2924981825363,2,2025-07-31T16:14:53.761564
W. T.,1485.3763380946546,1500.0,1483.0942222806086,1489.307013503449,2,2025-07-31T16:14:53.761565
S. E.,1500.0,1500.0,1456.7073219170732,1491.3414643834146,3,2025-07-31T16:14:53.761567
N. F.,1481.5826235769248,1500.0,1500.0,1490.7913117884623,1,2025-07-31T16:14:53.761568
Heshaam A. D.,1477.6135093554647,1500.0,1500.0,1488.8067546777324,1,2025-07-31T16:14:53.761569
P. D.,1486.1342592552508,1500.0,1506.3521991182,1494.3375694512656,3,2025-07-31T16:14:53.761571
Mutawa J.M. A.,1471.61735836832,1500.0,1500.0,1485.8086791841602,2,2025-07-31T16:14:53.761572
M. S. Z.,1483.0409340389754,1500.0,1500.0,1491.5204670194876,2,2025-07-31T16:14:53.761574
C-M. S.,1524.7279396639171,1500.0,1500.0,1512.3639698319585,2,2025-07-31T16:14:53.761575
J.P. S.,1355.8603298864045,1486.9560600150849,1525.87858573839,1429.1927000954056,27,2025-07-31T16:14:53.761576
M.A. R.,1466.6657941582705,1500.0,1500.0,1483.3328970791354,2,2025-07-31T16:14:53.761578
Y. R.,1500.0,1477.4837050976357,1500.0,1493.2451115292906,1,2025-07-31T16:14:53.761579
Baena R. C.,1506.3257222669922,1573.882505126817,1465.3182710296921,1518.3912668774797,288,2025-07-31T16:14:53.761580
J.L. S.,1493.958634934391,1618.8475688863284,1561.6062040676284,1544.9548289466197,454,2025-07-31T16:14:53.761582
E. Y.,1483.0831368730676,1463.4345725002004,1438.347968128494,1468.2415338122928,91,2025-07-31T16:14:53.761583
J.I. L.,1487.8682643489976,1501.5503853469706,1501.8606484698282,1494.7713774725557,83,2025-07-31T16:14:53.761584
Burgos V. E.,1540.0385443032974,1455.7937012861996,1490.4800879188724,1504.8534001212831,109,2025-07-31T16:14:53.761586
C. H.,1502.2414126368783,1466.5650332143887,1486.0127671196124,1488.2927697066784,27,2025-07-31T16:14:53.761587
C. A.,1847.4892493011184,2002.381284855578,1850.1307275878764,1894.485155624808,302,2025-07-31T16:14:53.761589
P.H. H.,1553.3106607838556,1507.2822520614543,1509.7993846652496,1530.799882943414,210,2025-07-31T16:14:53.761590
H. C.,1626.5154367327389,1600.7733550507257,1450.526415546304,1583.595007990848,139,2025-07-31T16:14:53.761591
S.Y. J.,1489.5753286515906,1500.0,1500.0,1494.7876643257953,1,2025-07-31T16:14:53.761593
O. N.,1483.9475099453673,1500.0,1500.0,1491.9737549726838,1,2025-07-31T16:14:53.761594
A. N.,1435.5236259242022,1437.634220690782,1461.4172690223538,1441.3355329738065,24,2025-07-31T16:14:53.761595
M.S. Z.,1455.582545861408,1500.0,1500.0,1477.791272930704,3,2025-07-31T16:14:53.761597
J-L. S.,1491.024825178814,1500.0,1500.0,1495.512412589407,1,2025-07-31T16:14:53.761598
D. D.,1431.8388788642517,1543.2385306731194,1454.7148632182455,1469.8339712777106,271,2025-07-31T16:14:53.761599
Martinavarro A. A.,1475.9110118123479,1500.0,1500.0,1487.955505906174,1,2025-07-31T16:14:53.761601
C. T.,1497.7079662976885,1461.615210397874,1508.1797095365866,1488.974488175524,48,2025-07-31T16:14:53.761602
R. O.,1625.0135082491906,1481.1051888317884,1551.4347131964491,1567.1252534134217,271,2025-07-31T16:14:53.761603
Paula F. D.,1500.0,1500.0,1482.0102004791947,1496.4020400958389,1,2025-07-31T16:14:53.761604
N. P.,1484.9039005057787,1500.0,1500.0,1492.4519502528892,1,2025-07-31T16:14:53.761606
V. G.,1500.0,1518.581713661926,1494.8242482617916,1504.539363750936,10,2025-07-31T16:14:53.761607
F. T.,1637.3714849056291,1570.080607544955,1626.012078055027,1614.9123403273063,412,2025-07-31T16:14:53.761608
Y. N.,1566.405606480098,1458.1096154012216,1444.6377811433968,1509.5632440890947,283,2025-07-31T16:14:53.761609
P.. K.,1510.8490888017325,1500.0,1500.0,1505.4245444008661,2,2025-07-31T16:14:53.761611
X. G.,1482.1285877748248,1500.0,1500.0,1491.0642938874125,1,2025-07-31T16:14:53.761612
B. O.,1482.5300826535452,1500.0,1500.0,1491.2650413267725,1,2025-07-31T16:14:53.761613
O. J.,1470.243941552472,1500.0,1500.0,1485.1219707762361,6,2025-07-31T16:14:53.761615
P-H. H.,1481.377497570792,1500.0,1500.0,1490.688748785396,1,2025-07-31T16:14:53.761616
V. B.,1489.9355288516424,1500.0,1500.0,1494.9677644258213,1,2025-07-31T16:14:53.761617
L. V.,1431.115467840121,1465.3004752905895,1467.76288781768,1448.7004540707735,23,2025-07-31T16:14:53.761619
N. J.,1527.7322303710446,1539.3496844627832,1565.51367249932,1538.7737550242211,220,2025-07-31T16:14:53.761620
E. Q.,1438.8539289078635,1509.5080904809993,1523.2958769074703,1476.9385669797257,29,2025-07-31T16:14:53.761621
P.H H.,1585.0733783773542,1514.664076519606,1500.0,1546.9359121445589,16,2025-07-31T16:14:53.761622
Greef A. D.,1529.491894135775,1487.498002676279,1484.9217978115485,1507.9797074330809,8,2025-07-31T16:14:53.761624
C. I.,1465.4283309303703,1415.7131305295793,1500.0,1457.428104624059,20,2025-07-31T16:14:53.761625
Hernandez D. V.,1500.0,1483.0335220193824,1500.0,1494.9100566058146,1,2025-07-31T16:14:53.761626
Q. H.,1495.409914094255,1495.8777690096454,1544.094249414332,1505.2871376328876,124,2025-07-31T16:14:53.761627
D.E. G.,1395.1460634940242,1444.7396752302925,1488.8041417342015,1428.7557626629402,112,2025-07-31T16:14:53.761629
B. F.,1478.350403348028,1470.8944621634564,1537.4761313951228,1487.9387666020755,62,2025-07-31T16:14:53.761636
Zh. Z.,1471.7849477938164,1609.3270365982767,1540.7174651093198,1526.8340778982554,113,2025-07-31T16:14:53.761638
Ze Z.,1428.0421814745725,1500.0,1500.0,1464.0210907372862,11,2025-07-31T16:14:53.761639
T. N.,1476.6818314296268,1500.0,1500.0,1488.3409157148135,1,2025-07-31T16:14:53.761641
Y. U.,1510.6759765018876,1476.1291887841116,1458.017583269341,1489.7802615400456,36,2025-07-31T16:14:53.761642
A. L.,1426.2402283435683,1500.0,1500.0,1463.1201141717843,8,2025-07-31T16:14:53.761644
De La Nava D. M.,1500.0,1442.7304809203474,1486.484237121887,1480.1159917004816,8,2025-07-31T16:14:53.761645
Busta P. C.,1592.4831207204054,1571.619938489324,1548.7079986818853,1577.469141643377,378,2025-07-31T16:14:53.761647
Agut R. B.,1495.2471136311951,1623.7061033696114,1556.3613012379,1546.007648074061,460,2025-07-31T16:14:53.761648
S. C.,1443.115015112561,1436.0797028961524,1483.9581369186062,1449.1730458088475,63,2025-07-31T16:14:53.761649
E. L.,1499.4007298930985,1500.0,1484.3108066577997,1496.562526278109,4,2025-07-31T16:14:53.761650
Rijthoven T. V.,1461.9362054402993,1500.0,1615.4397525250492,1504.0560532251593,20,2025-07-31T16:14:53.761652
S. M.,1419.857472672247,1490.6320532181612,1441.6881581644557,1445.455983934463,27,2025-07-31T16:14:53.761653
I. I.,1562.0475711710935,1510.4167542667776,1501.8394952253686,1534.5167109106537,161,2025-07-31T16:14:53.761654
Loore J. D.,1483.672316910702,1486.6589244327881,1500.0,1487.8338357851874,2,2025-07-31T16:14:53.761655
Minaur A. D.,1763.8086466143818,1698.0505881404515,1734.0380337028785,1738.127106489902,405,2025-07-31T16:14:53.761656
C. O.,1472.2237419910375,1500.0,1500.0,1486.1118709955188,3,2025-07-31T16:14:53.761658
O. L.,1479.5309728383556,1500.0,1500.0,1489.7654864191777,1,2025-07-31T16:14:53.761659
G. Q.,1500.0,1499.5983490271703,1500.0,1499.8795047081512,2,2025-07-31T16:14:53.761660
Y. H.,1539.4454566291517,1533.188558484535,1543.9475175435034,1538.468799368637,169,2025-07-31T16:14:53.761662
F.F. S.,1500.0,1490.9909723532728,1500.0,1497.297291705982,3,2025-07-31T16:14:53.761663
Potro J. M. D.,1500.0,1547.6689545089048,1500.0,1514.3006863526714,3,2025-07-31T16:14:53.761664
T.S. K.,1435.5616273521382,1500.0,1459.6185043625069,1459.7045145485704,7,2025-07-31T16:14:53.761666
Y. T.,1488.2689891097878,1500.0,1500.0,1494.134494554894,1,2025-07-31T16:14:53.761667
Lara R. O.,1532.0841648087678,1491.3743216334167,1500.0,1513.4543788944088,6,2025-07-31T16:14:53.761668
S.W. K.,1581.6089457436726,1525.7488750639884,1467.8935939296618,1542.1078541769652,117,2025-07-31T16:14:53.761670
R. Q.,1540.4276636843078,1500.0,1484.1229710602443,1517.0384260542028,6,2025-07-31T16:14:53.761671
Wild T. S.,1526.940397452767,1546.4027177251635,1520.7691271039582,1531.5448394647242,87,2025-07-31T16:14:53.761672
H. H.,1632.9830730448107,1670.2221637471735,1674.512820089729,1652.4607496645033,345,2025-07-31T16:14:53.761673
Z. P.,1482.1949310763068,1483.0258181482152,1502.837894781374,1486.5727899388926,4,2025-07-31T16:14:53.761675
J H.,1500.0,1475.7535243108907,1500.0,1492.7260572932673,1,2025-07-31T16:14:53.761676
Miralles B. Z.,1411.293832639428,1566.5993716258313,1421.5808253978373,1459.942892887031,95,2025-07-31T16:14:53.761677
E. B.,1469.195767495362,1433.3547956531615,1500.0,1464.6043224436294,10,2025-07-31T16:14:53.761678
M.A. H.,1474.2351284808567,1464.9222772389394,1388.4279811704191,1454.279843646194,71,2025-07-31T16:14:53.761680
Batalla O. R.,1500.0,1486.7523907434354,1512.4434757399965,1498.51441237103,3,2025-07-31T16:14:53.761681
B. G.,1546.8101054927004,1420.806725285162,1471.7923705841547,1494.0055444487298,29,2025-07-31T16:14:53.761682
U. H.,1779.573026976406,1428.4200060527464,1569.9012732448034,1632.2927699529876,280,2025-07-31T16:14:53.761683
C.H. T.,1512.6117520028472,1448.1837721927984,1450.6029723088604,1480.8816021210353,25,2025-07-31T16:14:53.761685
J.M. L.,1470.5225161033375,1500.0,1500.0,1485.2612580516688,1,2025-07-31T16:14:53.761686
Villasenor G. L.,1449.4205827375108,1500.0,1486.5404983961178,1472.018391047979,4,2025-07-31T16:14:53.761687
Fokina A. D.,1655.9832903554925,1589.9304479702282,1604.7570674460599,1625.9221930580266,272,2025-07-31T16:14:53.761688
JC A.,1500.0,1482.0865616869978,1500.0,1494.6259685060993,1,2025-07-31T16:14:53.761690
D.H. L.,1512.680063318615,1500.0,1500.0,1506.3400316593074,2,2025-07-31T16:14:53.761691
Z. S.,1474.763135716064,1500.0,1479.554122634591,1483.2923923849503,25,2025-07-31T16:14:53.761692
Ze. Z.,1479.004659448256,1500.0,1500.0,1489.502329724128,2,2025-07-31T16:14:53.761694
Martinez M. V.,1516.437423657997,1505.432562676306,1510.0128574985315,1511.8510521315966,10,2025-07-31T16:14:53.761695
Acosta F. D.,1539.2550614539737,1515.9636673199066,1500.6954157733137,1524.5557140776216,49,2025-07-31T16:14:53.761696
B. N.,1628.8078724568727,1532.930477762606,1637.5443332621512,1601.7919462096484,207,2025-07-31T16:14:53.761697
Rodrigues F M.,1480.0359649478112,1500.0,1500.0,1490.0179824739057,2,2025-07-31T16:14:53.761698
Vera M.T. B.,1505.5038790952392,1500.0,1500.0,1502.7519395476197,2,2025-07-31T16:14:53.761700
J.P. V.,1482.5908392981216,1548.338558703641,1543.0858297639588,1514.4141532129447,40,2025-07-31T16:14:53.761701
J.J. W.,1503.287716409219,1481.4523632511878,1506.5232038523588,1497.3842079504375,98,2025-07-31T16:14:53.761702
U. B.,1472.5947095156448,1480.8635207319633,1511.3494826424549,1482.8263075059024,5,2025-07-31T16:14:53.761703
Connell C. O.,1551.8234503462504,1471.5438923730162,1445.9276943988905,1506.560431764808,137,2025-07-31T16:14:53.761705
Z. B.,1628.1335113810576,1495.754545549694,1489.5590545931,1560.704930274057,81,2025-07-31T16:14:53.761706
L. N.,1511.1952076355733,1457.7267472728442,1421.3990084542843,1477.195429690497,47,2025-07-31T16:14:53.761707
J.S. N.,1466.3411768963883,1500.0,1500.0,1483.1705884481942,3,2025-07-31T16:14:53.761708
K. Z.,1473.5846945439525,1500.0,1482.3450132145063,1483.2613499148774,3,2025-07-31T16:14:53.761709
J.C. A.,1485.9190025907947,1500.0,1500.0,1492.9595012953973,1,2025-07-31T16:14:53.761710
H. B.,1506.6396483475914,1500.0,1500.0,1503.3198241737957,2,2025-07-31T16:14:53.761712
De Zandschulp B. V.,1540.404457590362,1515.630246853786,1520.1115915609332,1528.9136211635034,189,2025-07-31T16:14:53.761713
Silva F. F.,1475.4070903876047,1500.0,1500.0,1487.7035451938023,2,2025-07-31T16:14:53.761714
J.M. C.,1547.2692676973795,1485.8095379788633,1518.564228569675,1523.0903409562836,53,2025-07-31T16:14:53.761716
T.A. T.,1519.7471953539787,1480.6819942886466,1559.595494178907,1515.9972947993647,22,2025-07-31T16:14:53.761717
H. R.,1746.242602526359,1715.9056266634364,1509.9177779877516,1689.8765448597608,258,2025-07-31T16:14:53.761718
J. P. V.,1587.1746453530643,1493.208068479703,1515.1462893473677,1544.5790010899163,21,2025-07-31T16:14:53.761719
A. E.,1487.9909541697632,1500.0,1515.204342836309,1497.0363456521436,3,2025-07-31T16:14:53.761721
T.L. W.,1476.1991869285102,1500.0,1500.0,1488.0995934642551,6,2025-07-31T16:14:53.761722
Y. O.,1459.782690801917,1500.0,1500.0,1479.8913454009585,2,2025-07-31T16:14:53.761723
G.M. M.,1473.5565533303295,1485.1592803320489,1500.0,1482.3260607647794,2,2025-07-31T16:14:53.761724
de Almeida M. P.,1506.6401073077768,1500.0,1500.0,1503.3200536538884,2,2025-07-31T16:14:53.761725
Varona N. A.,1513.7137549603478,1481.0,1500.0,1501.156877480174,3,2025-07-31T16:14:53.761727
Valero C. G.,1500.0,1483.6021253747301,1500.0,1495.080637612419,1,2025-07-31T16:14:53.761728
Carabelli C. U.,1633.8798476272839,1469.9968202338162,1514.538257938018,1560.8466214713903,45,2025-07-31T16:14:53.761729
Taverna S. R.,1500.0,1487.308174588755,1500.0,1496.1924523766265,1,2025-07-31T16:14:53.761731
C. H. T.,1494.337551793485,1490.2852063196974,1511.888960118748,1496.6321298164014,10,2025-07-31T16:14:53.761732
Jong J. D.,1550.3453668307259,1567.1956120796658,1543.8806291077065,1554.107492860804,34,2025-07-31T16:14:53.761733
H. S.,1500.0,1510.3500690073422,1414.4077923310983,1485.9865791684224,8,2025-07-31T16:14:53.761734
R. P.,1479.9110471490503,1554.1653355474698,1499.1239767266547,1506.0299195840971,13,2025-07-31T16:14:53.761736
Da Silva D. D.,1500.0,1500.0,1486.9397108559601,1497.387942171192,1,2025-07-31T16:14:53.761737
I. G.,1500.0,1489.2405126000444,1484.3808865793287,1493.648331095879,5,2025-07-31T16:14:53.761738
Mendez R. P.,1476.3684230676465,1500.0,1500.0,1488.1842115338231,9,2025-07-31T16:14:53.761740
G. V.,1485.5248447726362,1500.0,1500.0,1492.7624223863181,1,2025-07-31T16:14:53.761741
K. U.,1488.526157328423,1500.0,1500.0,1494.2630786642117,4,2025-07-31T16:14:53.761742
B. H.,1369.292856884295,1472.4073571145982,1536.2960809292774,1433.6278517623823,43,2025-07-31T16:14:53.761743
E. F.,1485.0234442107937,1500.0,1500.0,1492.511722105397,1,2025-07-31T16:14:53.761745
Y. C.,1483.9725091863263,1500.0,1488.0693741664752,1489.6001294264584,2,2025-07-31T16:14:53.761746
B. Z.,1530.1781478932392,1500.0,1469.0621187093434,1508.9014976884882,10,2025-07-31T16:14:53.761747
Assche L. V.,1508.1902519030693,1508.6585241883668,1486.457515346076,1503.9841862772598,54,2025-07-31T16:14:53.761748
O. K.,1497.816435363941,1486.6402337109396,1500.0,1494.9002877952523,8,2025-07-31T16:14:53.761750
Alves F. M.,1498.4487597727152,1496.269666347753,1465.6567633065479,1491.236632451993,12,2025-07-31T16:14:53.761751
Laaroussi Y. L.,1500.0,1469.7821145044484,1500.0,1490.9346343513346,2,2025-07-31T16:14:53.761752
San Martin A. L.,1500.0,1488.7129831786758,1500.0,1496.6138949536028,1,2025-07-31T16:14:53.761753
Ruiz P. L.,1518.595589670378,1506.09248046063,1521.8001831190493,1515.485575597188,12,2025-07-31T16:14:53.761755
O. V.,1506.4349008528777,1513.3047883687755,1491.7253047586769,1505.5539478888068,20,2025-07-31T16:14:53.761756
De Alboran N. M.,1454.32705622957,1495.8811538871978,1521.9195789890157,1480.3117900787474,18,2025-07-31T16:14:53.761757
Zh. L.,1487.5632155428568,1500.0,1500.0,1493.7816077714283,1,2025-07-31T16:14:53.761758
Y. Z.,1497.539921704781,1500.0,1500.0,1498.7699608523903,7,2025-07-31T16:14:53.761760
B. L.,1486.200276770602,1500.0,1500.0,1493.1001383853009,1,2025-07-31T16:14:53.761761
R. T.,1484.0907677574617,1500.0,1500.0,1492.0453838787307,1,2025-07-31T16:14:53.761762
Sanchis D. J.,1500.0,1499.5360523160373,1500.0,1499.8608156948112,2,2025-07-31T16:14:53.761764
Canas A. M.,1483.9724272259282,1517.7080407294752,1473.6456881604204,1492.0277634638908,4,2025-07-31T16:14:53.761765
Izquierdo N. S.,1500.0,1488.7066097499498,1500.0,1496.6119829249849,1,2025-07-31T16:14:53.761766
Cosano J. B.,1500.0,1482.4069843467523,1500.0,1494.7220953040257,1,2025-07-31T16:14:53.761767
K. J.,1494.7428085873373,1486.2004986025713,1500.0,1493.2315538744401,2,2025-07-31T16:14:53.761769
K. S.,1496.4603531799096,1486.3904999176173,1500.0,1494.1473265652398,2,2025-07-31T16:14:53.761770
J.K. T.,1485.3894172665719,1500.0,1500.0,1492.694708633286,1,2025-07-31T16:14:53.761771
F.C. J.,1527.3516051514302,1486.9104135588937,1500.0,1509.7489266433831,2,2025-07-31T16:14:53.761773
C. D.,1500.0,1507.01475545572,1500.0,1502.104426636716,2,2025-07-31T16:14:53.761774
V. R.,1500.0,1480.7549327220245,1511.6327261269498,1496.5530250419972,3,2025-07-31T16:14:53.761775
F.A. G.,1500.0,1508.2391962146369,1500.0,1502.4717588643912,2,2025-07-31T16:14:53.761776
Jones J. P.,1500.0,1500.0,1487.8597900040656,1497.571958000813,3,2025-07-31T16:14:53.761778
O. T.,1500.0,1500.0,1518.846100898508,1503.7692201797017,2,2025-07-31T16:14:53.761779
O. C.,1500.0,1500.0,1490.729501004269,1498.1459002008537,1,2025-07-31T16:14:53.761780
Vinciguerra W. R.,1500.0,1500.0,1472.9212357624795,1494.584247152496,1,2025-07-31T16:14:53.761781
Kjaer N. B.,1500.0,1500.0,1503.5848324979966,1500.7169664995993,2,2025-07-31T16:14:53.761783
P. Z.,1500.0,1500.0,1482.3368740241103,1496.4673748048222,1,2025-07-31T16:14:53.761784
Valdes L.C. A.,1520.258834446503,1500.0,1500.0,1510.1294172232515,2,2025-07-31T16:14:53.761785
Meza A. G.,1500.0,1500.0,1486.1853208074824,1497.2370641614966,1,2025-07-31T16:14:53.761786
J.J. S.,1500.0,1500.0,1487.9196162699604,1497.583923253992,1,2025-07-31T16:14:53.761788
